C,X1,X2,X3,X4,X5,X6,X7,X8,X9,X10,X11,X12,X13,X14,X15,X16,X17,X18,X19,X20,X21,X22,X23,X24,X25,X26,X27,X28,X29,X30,X31,X32,X33,X34
1,1.0,0.0,0.99539,-0.05889,0.85243,0.02306,0.83398,-0.37708,1.0,0.0376,0.85243,-0.17755,0.59755,-0.44945,0.60536,-0.38223,0.84356,-0.38542,0.58212,-0.32192,0.56971,-0.29674,0.36946,-0.47357,0.56811,-0.51171,0.41078,-0.46168,0.21266,-0.3409,0.42267,-0.54487,0.18641,-0.453
0,1.0,0.0,1.0,-0.18829,0.93035,-0.36156,-0.10868,-0.93597,1.0,-0.04549,0.50874,-0.67743,0.34432,-0.69707,-0.51685,-0.97515,0.05499,-0.62237,0.33109,-1.0,-0.13151,-0.453,-0.18056,-0.35734,-0.20332,-0.26569,-0.20468,-0.18401,-0.1904,-0.11593,-0.16626,-0.06288,-0.13738,-0.02447
1,1.0,0.0,1.0,-0.03365,1.0,0.00485,1.0,-0.12062,0.88965,0.01198,0.73082,0.05346,0.85443,0.00827,0.54591,0.00299,0.83775,-0.13644,0.75535,-0.0854,0.70887,-0.27502,0.43385,-0.12062,0.57528,-0.4022,0.58984,-0.22145,0.431,-0.17365,0.60436,-0.2418,0.56045,-0.38238
0,1.0,0.0,1.0,-0.45161,1.0,1.0,0.71216,-1.0,0.0,0.0,0.0,0.0,0.0,0.0,-1.0,0.14516,0.54094,-0.3933,-1.0,-0.54467,-0.69975,1.0,0.0,0.0,1.0,0.90695,0.51613,1.0,1.0,-0.20099,0.25682,1.0,-0.32382,1.0
1,1.0,0.0,1.0,-0.02401,0.9414,0.06531,0.92106,-0.23255,0.77152,-0.16399,0.52798,-0.20275,0.56409,-0.00712,0.34395,-0.27457,0.5294,-0.2178,0.45107,-0.17813,0.05982,-0.35575,0.02309,-0.52879,0.03286,-0.65158,0.1329,-0.53206,0.02431,-0.62197,-0.05707,-0.59573,-0.04608,-0.65697
0,1.0,0.0,0.02337,-0.00592,-0.09924,-0.11949,-0.00763,-0.11824,0.14706,0.06637,0.03786,-0.06302,0.0,0.0,-0.04572,-0.1554,-0.00343,-0.10196,-0.11575,-0.05414,0.01838,0.03669,0.01519,0.00888,0.03513,-0.01535,-0.0324,0.09223,-0.07859,0.00732,0.0,0.0,-0.00039,0.12011
1,1.0,0.0,0.97588,-0.10602,0.94601,-0.208,0.92806,-0.2835,0.85996,-0.27342,0.79766,-0.47929,0.78225,-0.50764,0.74628,-0.61436,0.57945,-0.68086,0.37852,-0.73641,0.36324,-0.76562,0.31898,-0.79753,0.22792,-0.81634,0.13659,-0.8251,0.04606,-0.82395,-0.04262,-0.81318,-0.13832,-0.80975
0,0.0,0.0,0.0,0.0,0.0,0.0,1.0,-1.0,0.0,0.0,-1.0,-1.0,0.0,0.0,0.0,0.0,1.0,1.0,-1.0,-1.0,0.0,0.0,0.0,0.0,1.0,1.0,1.0,1.0,0.0,0.0,1.0,1.0,0.0,0.0
1,1.0,0.0,0.96355,-0.07198,1.0,-0.14333,1.0,-0.21313,1.0,-0.36174,0.9257,-0.43569,0.9451,-0.40668,0.90392,-0.46381,0.98305,-0.35257,0.84537,-0.6602,0.75346,-0.60589,0.69637,-0.64225,0.85106,-0.6544,0.57577,-0.69712,0.25435,-0.63919,0.45114,-0.72779,0.38895,-0.7342
0,1.0,0.0,-0.01864,-0.08459,0.0,0.0,0.0,0.0,0.1147,-0.2681,-0.45663,-0.38172,0.0,0.0,-0.33656,0.38602,-0.37133,0.15018,0.63728,0.22115,0.0,0.0,0.0,0.0,-0.14803,-0.01326,0.20645,-0.02294,0.0,0.0,0.16595,0.24086,-0.08208,0.38065
1,1.0,0.0,1.0,0.06655,1.0,-0.18388,1.0,-0.2732,1.0,-0.43107,1.0,-0.41349,0.96232,-0.51874,0.90711,-0.59017,0.8923,-0.66474,0.69876,-0.70997,0.70645,-0.7632,0.63081,-0.80544,0.55867,-0.89128,0.47211,-0.865,0.40303,-0.83675,0.30996,-0.89093,0.22995,-0.89158
0,1.0,0.0,1.0,-0.5421,1.0,-1.0,1.0,-1.0,1.0,0.36217,1.0,-0.41119,1.0,1.0,1.0,-1.0,1.0,-0.29354,1.0,-0.93599,1.0,1.0,1.0,1.0,1.0,-0.40888,1.0,-0.62745,1.0,-1.0,1.0,-1.0,1.0,-1.0
1,1.0,0.0,1.0,-0.16316,1.0,-0.10169,0.99999,-0.15197,1.0,-0.19277,0.94055,-0.35151,0.95735,-0.29785,0.93719,-0.34412,0.94486,-0.28106,0.90137,-0.43383,0.86043,-0.47308,0.82987,-0.5122,0.8408,-0.47137,0.76224,-0.5837,0.65723,-0.68794,0.68714,-0.64537,0.64727,-0.67226
0,1.0,0.0,1.0,-0.86701,1.0,0.2228,0.85492,-0.39896,1.0,-0.1209,1.0,0.35147,1.0,0.07772,1.0,-0.14767,1.0,-1.0,1.0,-1.0,0.61831,0.15803,1.0,0.62349,1.0,-0.17012,1.0,0.35924,1.0,-0.66494,1.0,0.88428,1.0,-0.18826
1,1.0,0.0,1.0,0.0738,1.0,0.0342,1.0,-0.05563,1.0,0.08764,1.0,0.19651,1.0,0.20328,1.0,0.12785,1.0,0.10561,1.0,0.27087,1.0,0.44758,1.0,0.4175,1.0,0.20033,1.0,0.36743,0.95603,0.48641,1.0,0.32492,1.0,0.46712
0,1.0,0.0,0.50932,-0.93996,1.0,0.26708,-0.0352,-1.0,1.0,-1.0,0.43685,-1.0,0.0,0.0,-1.0,-0.34265,-0.37681,0.03623,1.0,-1.0,0.0,0.0,0.0,0.0,-0.16253,0.92236,0.39752,0.26501,0.0,0.0,1.0,0.23188,0.0,0.0
1,1.0,0.0,0.99645,0.06468,1.0,-0.01236,0.97811,0.02498,0.96112,0.02312,0.99274,0.07808,0.89323,0.10346,0.94212,0.05269,0.88809,0.1112,0.86104,0.08631,0.81633,0.1183,0.83668,0.14442,0.81329,0.13412,0.79476,0.13638,0.7911,0.15379,0.77122,0.1593,0.70941,0.12015
0,0.0,0.0,0.0,0.0,-1.0,-1.0,1.0,1.0,-1.0,1.0,-1.0,1.0,1.0,-1.0,1.0,1.0,-1.0,-1.0,-1.0,1.0,1.0,-1.0,-1.0,1.0,-1.0,1.0,1.0,-1.0,-1.0,1.0,-1.0,-1.0,1.0,-1.0
1,1.0,0.0,0.67065,0.02528,0.66626,0.05031,0.57197,0.18761,0.08776,0.34081,0.63621,0.12131,0.62099,0.14285,0.78637,0.10976,0.58373,0.18151,0.14395,0.41224,0.53888,0.21326,0.5142,0.22625,0.48838,0.23724,0.46167,0.24618,0.43433,0.25306,0.40663,0.25792,1.0,0.33036
0,0.0,0.0,1.0,-1.0,0.0,0.0,0.0,0.0,1.0,1.0,1.0,-1.0,-0.71875,1.0,0.0,0.0,-1.0,1.0,1.0,1.0,-1.0,1.0,1.0,0.5625,-1.0,1.0,1.0,1.0,1.0,-1.0,1.0,1.0,1.0,1.0
1,1.0,0.0,1.0,-0.00612,1.0,-0.09834,1.0,-0.07649,1.0,-0.10605,1.0,-0.11073,1.0,-0.39489,1.0,-0.15616,0.92124,-0.31884,0.86473,-0.34534,0.91693,-0.44072,0.9606,-0.46866,0.81874,-0.40372,0.82681,-0.42231,0.75784,-0.38231,0.80448,-0.40575,0.74354,-0.45039
0,0.0,0.0,1.0,1.0,0.0,0.0,0.0,0.0,-1.0,-1.0,0.0,0.0,0.0,0.0,-1.0,-1.0,-1.0,-1.0,-1.0,1.0,-1.0,1.0,0.0,0.0,0.0,0.0,1.0,-1.0,-1.0,1.0,-1.0,1.0,-1.0,1.0
1,1.0,0.0,0.96071,0.07088,1.0,0.04296,1.0,0.09313,0.90169,-0.05144,0.89263,0.0258,0.8325,-0.06142,0.87534,0.09831,0.76544,0.0028,0.75206,-0.05295,0.65961,-0.07905,0.64158,-0.05929,0.55677,-0.07705,0.58051,-0.02205,0.49664,-0.01251,0.5131,-0.00015,0.52099,-0.00182
0,0.0,0.0,-1.0,1.0,0.0,0.0,0.0,0.0,-1.0,1.0,1.0,1.0,0.0,0.0,0.0,0.0,1.0,-1.0,-1.0,1.0,1.0,1.0,0.0,0.0,-1.0,-1.0,1.0,-1.0,1.0,1.0,-1.0,1.0,0.0,0.0
1,1.0,0.0,1.0,-0.06182,1.0,0.02942,1.0,-0.05131,1.0,-0.01707,1.0,-0.11726,0.84493,-0.05202,0.93392,-0.06598,0.6917,-0.07379,0.65731,-0.20367,0.9491,-0.31558,0.80852,-0.31654,0.84932,-0.34838,0.72529,-0.29174,0.73094,-0.38576,0.54356,-0.26284,0.64207,-0.39487
0,1.0,0.0,1.0,0.5782,1.0,-1.0,1.0,-1.0,1.0,-1.0,1.0,-1.0,1.0,-1.0,1.0,-1.0,1.0,-1.0,1.0,-1.0,1.0,-0.62796,1.0,-1.0,1.0,-1.0,1.0,-1.0,1.0,-1.0,1.0,-1.0,1.0,-1.0
1,1.0,0.0,1.0,-0.08714,1.0,-0.17263,0.86635,-0.81779,0.94817,0.61053,0.95473,-0.41382,0.88486,-0.31736,0.87937,-0.23433,0.81051,-0.6218,0.12245,-1.0,0.90284,0.11053,0.62357,-0.78547,0.55389,-0.82868,0.48136,-0.86583,0.4065,-0.89674,0.32984,-0.92128,-0.13341,-1.0
0,0.0,0.0,-1.0,-1.0,0.0,0.0,-1.0,1.0,1.0,-0.375,0.0,0.0,0.0,0.0,0.0,0.0,1.0,-1.0,-1.0,-1.0,1.0,-1.0,0.0,0.0,1.0,-1.0,-1.0,1.0,-1.0,-1.0,0.0,0.0,-1.0,1.0
1,1.0,0.0,1.0,0.0838,1.0,0.17387,1.0,-0.13308,0.98172,0.6452,1.0,0.47904,1.0,0.59113,1.0,0.70758,1.0,0.82777,1.0,0.95099,1.0,1.0,0.98042,1.0,0.91624,1.0,0.83899,1.0,0.74822,1.0,0.64358,1.0,0.52479,1.0
0,0.0,0.0,-1.0,-1.0,1.0,1.0,1.0,-1.0,-1.0,1.0,1.0,-1.0,-1.0,-1.0,0.0,0.0,1.0,1.0,-1.0,-1.0,1.0,-1.0,1.0,-1.0,1.0,1.0,1.0,-1.0,1.0,-1.0,-1.0,1.0,1.0,-1.0
1,1.0,0.0,1.0,-0.14236,1.0,-0.16256,1.0,-0.23656,1.0,-0.07514,1.0,-0.2501,1.0,-0.26161,1.0,-0.21975,1.0,-0.38606,1.0,-0.46162,1.0,-0.35519,1.0,-0.59661,1.0,-0.47643,0.9882,-0.49687,1.0,-0.7582,1.0,-0.75761,1.0,-0.84437
0,1.0,0.0,1.0,-1.0,1.0,1.0,1.0,-1.0,1.0,-1.0,1.0,-1.0,1.0,-0.0184,1.0,-1.0,1.0,1.0,1.0,-0.85583,1.0,1.0,1.0,-1.0,0.0,0.0,1.0,1.0,1.0,-0.79141,1.0,1.0,1.0,1.0
1,1.0,0.0,0.88208,-0.14639,0.93408,-0.11057,0.921,-0.1645,0.88307,-0.17036,0.88462,-0.31809,0.85269,-0.31463,0.82116,-0.35924,0.80681,-0.33632,0.75243,-0.47022,0.70555,-0.47153,0.6615,-0.50085,0.61297,-0.48086,0.56804,-0.54629,0.50179,-0.59854,0.47075,-0.57377,0.42189,-0.58086
0,1.0,0.0,0.71253,-0.02595,0.41287,-0.23067,0.98019,-0.09473,0.99709,-0.10236,1.0,-0.10951,0.58965,1.0,0.83726,-1.0,0.8227,-0.17863,0.8076,-0.28257,-0.25914,0.9273,0.51933,0.05456,0.65493,-0.20392,0.93124,-0.41307,0.63811,-0.21901,0.86136,-0.87354,-0.23186,-1.0
1,1.0,0.0,1.0,-0.15899,0.72314,0.27686,0.83443,-0.58388,1.0,-0.28207,1.0,-0.49863,0.79962,-0.12527,0.76837,0.14638,1.0,0.39337,1.0,0.2659,0.96354,-0.01891,0.92599,-0.91338,1.0,0.14803,1.0,-0.11582,1.0,-0.11129,1.0,0.53372,1.0,-0.57758
0,1.0,0.0,0.66161,-1.0,1.0,1.0,1.0,-0.67321,0.80893,-0.40446,1.0,-1.0,1.0,-0.89375,1.0,0.73393,0.17589,0.70982,1.0,0.78036,1.0,0.85268,1.0,-1.0,1.0,0.85357,1.0,-0.08571,0.95982,-0.3625,1.0,0.65268,1.0,0.34732
1,1.0,0.0,1.0,0.00433,1.0,-0.01209,1.0,-0.0296,1.0,-0.07014,0.97839,-0.06256,1.0,-0.06544,0.97261,-0.07917,0.92561,-0.13665,0.94184,-0.14327,0.99589,-0.14248,0.94815,-0.13565,0.89469,-0.20851,0.89067,-0.17909,0.85644,-0.18552,0.83777,-0.20101,0.83867,-0.20766
0,0.0,0.0,1.0,1.0,1.0,-1.0,0.0,0.0,0.0,0.0,-1.0,-1.0,0.0,0.0,0.0,0.0,-1.0,1.0,1.0,1.0,-1.0,1.0,-1.0,1.0,1.0,-1.0,1.0,1.0,-1.0,1.0,1.0,1.0,0.0,0.0
1,1.0,0.0,0.91241,0.04347,0.94191,0.0228,0.94705,0.05345,0.93582,0.01321,0.91911,0.06348,0.92766,0.12067,0.92048,0.06211,0.88899,0.12722,0.83744,0.14439,0.80983,0.11849,0.77041,0.14222,0.75755,0.11299,0.7355,0.13282,0.66387,0.153,0.70925,0.10754,0.65258,0.11447
0,1.0,0.0,1.0,0.02461,0.99672,0.04861,0.97545,0.07143,0.61745,-1.0,0.91036,0.11147,0.88462,0.5364,0.82077,0.14137,0.76929,0.15189,1.0,0.41003,0.6585,0.16371,0.60138,0.16516,0.54446,0.1639,0.48867,0.16019,0.43481,0.15436,0.38352,0.14677,1.0,1.0
1,1.0,0.0,1.0,0.06538,1.0,0.20746,1.0,0.26281,0.93051,0.32213,0.86773,0.39039,0.75474,0.50082,0.79555,0.52321,0.65954,0.60756,0.57619,0.62999,0.47807,0.67135,0.40553,0.6884,0.34384,0.72082,0.27712,0.72386,0.19296,0.70682,0.11372,0.72688,0.0699,0.71444
0,1.0,0.0,-1.0,-1.0,1.0,1.0,1.0,-0.14375,0.0,0.0,-1.0,1.0,1.0,1.0,0.17917,-1.0,-1.0,-1.0,0.0875,-1.0,1.0,-1.0,-1.0,1.0,-1.0,-1.0,1.0,-1.0,-1.0,-1.0,1.0,1.0,0.0,0.0
1,1.0,0.0,0.90932,0.08791,0.86528,0.16888,1.0,0.16598,0.55187,0.68154,0.70207,0.36719,0.16286,0.42739,0.5762,0.46086,0.51067,0.49618,0.31639,0.12967,0.37824,0.54462,0.31274,0.55826,0.24856,0.56527,0.18626,0.56605,0.12635,0.56101,0.06927,0.55061,0.12137,0.67739
0,1.0,0.0,-0.64286,-1.0,1.0,0.82857,1.0,-1.0,1.0,-0.23393,1.0,0.96161,1.0,-0.37679,1.0,-1.0,1.0,0.13839,1.0,-1.0,1.0,-0.03393,-0.84286,1.0,0.5375,0.85714,1.0,1.0,1.0,-1.0,1.0,-1.0,1.0,-1.0
1,1.0,0.0,0.99025,-0.05785,0.99793,-0.13009,0.98663,-0.1943,0.99374,-0.25843,0.92738,-0.3013,0.92651,-0.37965,0.89812,-0.43796,0.84922,-0.52064,0.87433,-0.57075,0.79016,-0.59839,0.74725,-0.64615,0.68282,-0.68479,0.65247,-0.73174,0.6101,-0.75353,0.54752,-0.80278,0.49195,-0.83245
0,0.0,0.0,0.0,0.0,0.0,0.0,0.0,0.0,1.0,1.0,1.0,1.0,0.0,0.0,0.0,0.0,-0.375,-1.0,-1.0,-1.0,0.0,0.0,0.0,0.0,-1.0,-1.0,-1.0,-1.0,-1.0,1.0,1.0,0.0,0.0,0.0
1,1.0,0.0,1.0,-0.0373,1.0,-0.07383,0.99601,-0.11039,0.99838,-0.09931,0.98941,-0.13814,0.96674,-0.21695,0.95288,-0.25099,0.91236,-0.344,0.90581,-0.32152,0.89991,-0.34691,0.87874,-0.37643,0.86213,-0.4299,0.83172,-0.43122,0.81433,-0.42593,0.77919,-0.47977,0.75115,-0.50152
0,1.0,0.0,0.94598,-0.02685,-1.0,0.26131,-0.36393,0.35639,0.69258,-0.63427,1.0,-0.03353,-0.2902,-0.0055,-0.54852,0.15452,0.91921,-0.4627,1.0,-0.50424,-0.29735,-0.31454,-0.73864,0.37361,0.83872,-0.46734,0.52208,-0.5813,1.0,-0.61393,-0.09634,0.20477,-0.06117,0.41913
1,1.0,0.0,0.98166,0.00874,0.98103,-0.03818,0.97565,-0.05699,0.95947,-0.06971,0.99004,-0.04507,0.94713,-0.11102,0.93369,-0.1279,0.94217,-0.11583,0.79682,-0.192,0.88274,-0.17387,0.86257,-0.18739,0.88487,-0.19689,0.81813,-0.21136,0.78546,-0.23864,0.76911,-0.23095,0.74323,-0.23902
0,1.0,0.0,0.0,0.0,1.0,0.51724,0.0,0.0,0.10991,-1.0,0.0,0.0,0.0,0.0,-1.0,-0.22414,-0.55711,-0.83297,0.7694,0.63147,0.0,0.0,0.53448,0.35668,-0.90302,0.44828,1.0,-1.0,-1.0,0.81573,0.0,0.0,0.0,0.0
1,1.0,0.0,0.84134,-0.18362,0.43644,0.02919,0.93421,-0.00267,0.87947,0.13795,0.81121,-0.01789,0.88559,0.54991,0.91714,-0.57486,0.75,-0.2952,0.86676,-0.20104,1.0,1.0,0.4661,-0.1629,0.90066,-0.02778,0.93358,-0.01158,0.61582,-0.32298,0.84463,-0.25706,0.93323,-0.01425
0,0.0,0.0,1.0,1.0,1.0,-1.0,0.0,0.0,0.0,0.0,1.0,1.0,1.0,1.0,-1.0,-1.0,1.0,-1.0,-1.0,1.0,0.0,0.0,1.0,-1.0,1.0,-1.0,1.0,1.0,-1.0,-1.0,0.0,0.0,0.0,0.0
1,1.0,0.0,1.0,1.0,1.0,1.0,0.9101,1.0,-0.2697,1.0,-0.83152,1.0,-1.0,1.0,-1.0,0.72526,-1.0,-0.57779,-1.0,-0.42052,-1.0,-1.0,-0.52838,-1.0,0.90014,-1.0,1.0,-1.0,1.0,-1.0,1.0,-0.34686,1.0,0.34845
0,1.0,0.0,-0.67935,-1.0,-1.0,1.0,1.0,0.63317,0.03515,-1.0,-1.0,-1.0,1.0,1.0,0.88683,-1.0,-1.0,1.0,0.8384,1.0,1.0,-1.0,-1.0,-1.0,-0.18856,1.0,1.0,-1.0,-1.0,-1.0,-1.0,1.0,1.0,0.33611
1,1.0,0.0,0.95659,0.08143,0.97487,-0.05667,0.97165,-0.08484,0.96097,-0.06561,0.94717,0.01279,0.95436,-0.16795,0.94612,-0.19497,0.9963,-0.32268,0.90343,-0.35902,0.91428,-0.27316,0.9014,-0.29807,0.99899,-0.40747,0.87244,-0.34586,0.92059,-0.30619,0.83951,-0.39061,0.82166,-0.41173
0,1.0,0.0,0.08333,-0.20685,-1.0,1.0,-1.0,1.0,0.71875,0.47173,-0.82143,-0.62723,-1.0,-1.0,-1.0,1.0,-0.02753,0.59152,-0.42113,-0.42113,-0.74628,-1.0,-1.0,-0.46801,-1.0,0.2381,1.0,-1.0,-1.0,-0.38914,-1.0,-1.0,-1.0,0.61458
1,1.0,0.0,1.0,-0.02259,1.0,-0.04494,1.0,-0.06682,1.0,-0.08799,1.0,0.56173,1.0,-0.12738,1.0,-0.14522,1.0,0.32407,1.0,-0.17639,0.99484,-0.18949,0.95601,-0.20081,1.0,-0.92284,0.8728,-0.21793,0.8292,-0.2237,0.78479,-0.22765,0.73992,-0.22981
0,0.0,0.0,-1.0,1.0,1.0,-1.0,-1.0,1.0,0.0,0.0,1.0,1.0,-1.0,-0.1875,1.0,1.0,-1.0,-1.0,1.0,-1.0,-1.0,-1.0,1.0,1.0,1.0,-1.0,1.0,1.0,1.0,1.0,0.0,0.0,-1.0,-1.0
1,1.0,0.0,1.0,0.05812,0.94525,0.07418,0.99952,0.13231,1.0,-0.01911,0.94846,0.07033,0.95713,0.14644,0.94862,0.11224,0.90896,0.20119,0.96741,0.16265,0.99695,0.14258,0.90784,0.1641,0.91667,0.22431,0.88423,0.23571,0.88568,0.22511,0.78324,0.29576,0.83574,0.31166
0,1.0,0.0,0.17188,-1.0,-1.0,1.0,0.0,0.0,0.0,0.0,-1.0,1.0,0.0,0.0,-0.61354,-0.67708,0.80521,0.36146,0.51979,0.14375,0.0,0.0,-1.0,-0.27083,-0.84792,0.9625,1.0,1.0,-1.0,0.67708,0.0,0.0,0.0,0.0
1,1.0,0.0,1.0,0.09771,1.0,0.12197,1.0,0.22574,0.98602,0.09237,0.9493,0.19211,0.92992,0.24288,0.89241,0.28343,0.85529,0.26721,0.83656,0.33129,0.83393,0.31698,0.74829,0.39597,0.76193,0.34658,0.68452,0.42746,0.62764,0.46031,0.56791,0.47033,0.54252,0.50903
0,1.0,0.0,0.01667,-0.35625,0.0,0.0,0.0,0.0,0.0,0.0,0.0,0.0,0.0,0.0,0.12292,-0.55,0.22813,0.82813,1.0,-0.42292,0.0,0.0,0.08333,-1.0,-0.10625,-0.16667,1.0,-0.76667,-1.0,0.18854,0.0,0.0,1.0,-0.27292
1,1.0,0.0,1.0,0.16801,0.99352,0.16334,0.94616,0.33347,0.91759,0.2261,0.91408,0.37107,0.8425,0.46899,0.81011,0.49225,0.78473,0.48311,0.65091,0.56977,0.56553,0.58071,0.55586,0.6472,0.48311,0.55236,0.43317,0.69129,0.35684,0.76147,0.33921,0.66844,0.22101,0.78685
0,1.0,0.0,0.63816,1.0,0.20833,-1.0,1.0,1.0,0.87719,0.30921,-0.66886,1.0,-0.05921,0.58772,0.01754,0.05044,-0.51535,-1.0,0.14254,-0.03289,0.32675,-0.4386,-1.0,1.0,0.80921,-1.0,1.0,-0.0614,1.0,1.0,0.20614,-1.0,1.0,1.0
1,1.0,0.0,1.0,-0.41457,1.0,0.76131,0.8706,0.18593,1.0,-0.09925,0.93844,0.4799,0.65452,-0.1608,1.0,0.00879,0.97613,-0.50126,0.80025,-0.24497,0.88065,-0.19095,1.0,-0.12312,0.93593,0.10678,0.9289,-0.07249,1.0,-0.27387,0.4397,0.19849,0.51382,-0.05402
0,1.0,0.0,0.84783,0.10598,1.0,0.3913,1.0,-1.0,0.66938,0.08424,1.0,0.27038,1.0,0.60598,1.0,0.35507,1.0,0.02672,0.58424,-0.43025,1.0,0.63496,0.8913,0.26585,0.91033,-0.33333,1.0,0.15942,0.37681,-0.01947,1.0,0.22464,1.0,0.37409
1,1.0,0.0,1.0,0.28046,1.0,0.02477,1.0,0.07764,1.0,0.04317,0.98762,0.33266,1.0,0.05489,1.0,0.04384,0.9575,-0.24598,0.84371,-0.08668,1.0,0.0415,0.99933,0.27376,1.0,-0.39056,0.96414,-0.02174,0.86747,0.2336,0.94578,-0.22021,0.80355,-0.07329
0,0.0,0.0,1.0,-1.0,1.0,-1.0,1.0,-1.0,1.0,-1.0,1.0,1.0,1.0,1.0,1.0,-1.0,1.0,1.0,1.0,1.0,1.0,1.0,1.0,-1.0,1.0,-1.0,1.0,-1.0,1.0,0.65625,0.0,0.0,1.0,-1.0
1,1.0,0.0,1.0,0.67784,0.81309,0.82021,0.43019,1.0,0.20619,0.80541,-0.43872,1.0,-0.79135,0.77092,-1.0,0.40268,-0.39046,-0.58634,-0.97907,-0.42822,-0.73083,-0.76339,-0.37671,-0.97491,0.41366,-1.0,0.41778,-0.93296,0.25773,-1.0,0.9357,-0.35222,0.98816,0.03446
0,1.0,0.0,1.0,1.0,1.0,-1.0,1.0,-1.0,1.0,1.0,1.0,1.0,1.0,1.0,1.0,-1.0,1.0,1.0,1.0,1.0,1.0,1.0,1.0,1.0,1.0,1.0,1.0,0.5,0.0,0.0,1.0,-1.0,1.0,-1.0
1,1.0,0.0,1.0,0.03529,1.0,0.18281,1.0,0.26968,1.0,0.25068,1.0,0.28778,1.0,0.38643,1.0,0.31674,1.0,0.65701,1.0,0.53846,1.0,0.61267,1.0,0.59457,0.89593,0.68326,0.89502,0.71374,0.85611,0.67149,0.74389,0.85611,0.71493,0.75837
0,0.0,0.0,1.0,-1.0,1.0,1.0,-1.0,-1.0,1.0,-1.0,0.0,0.0,0.0,0.0,-1.0,1.0,1.0,-1.0,1.0,-1.0,-0.75,1.0,1.0,-1.0,1.0,-1.0,1.0,-1.0,-1.0,-1.0,0.0,0.0,1.0,-1.0
1,1.0,0.0,0.96087,0.0862,0.9676,0.19279,0.96026,0.27451,0.98044,0.35052,0.92867,0.46281,0.86265,0.52517,0.8282,0.58794,0.73242,0.69065,0.69003,0.7314,0.54473,0.6882,0.48339,0.76197,0.40615,0.74689,0.33401,0.83796,0.24944,0.86061,0.13756,0.86835,0.09048,0.86285
0,1.0,0.0,0.69444,0.38889,0.0,0.0,-0.32937,0.69841,0.0,0.0,0.0,0.0,0.0,0.0,0.20635,-0.24206,0.21032,0.19444,0.46429,0.78175,0.0,0.0,0.0,0.0,0.73413,0.27381,0.7619,0.63492,0.0,0.0,0.0,0.0,0.0,0.0
1,1.0,0.0,1.0,0.0507,1.0,0.10827,1.0,0.19498,1.0,0.28453,1.0,0.34826,1.0,0.38261,0.94575,0.42881,0.89126,0.50391,0.75906,0.58801,0.80644,0.59962,0.79578,0.62758,0.66643,0.63942,0.59417,0.69435,0.49538,0.72684,0.47027,0.71689,0.33381,0.75243
0,0.0,0.0,1.0,1.0,0.0,0.0,1.0,-1.0,1.0,-1.0,1.0,1.0,1.0,1.0,1.0,-1.0,1.0,1.0,1.0,1.0,1.0,-1.0,-1.0,-1.0,1.0,-1.0,1.0,-1.0,1.0,1.0,0.0,0.0,1.0,-1.0
1,1.0,0.0,1.0,0.04078,1.0,0.11982,1.0,0.16159,1.0,0.27921,0.98703,0.30889,0.92745,0.37639,0.91118,0.39749,0.81939,0.46059,0.78619,0.46994,0.794,0.56282,0.70331,0.58129,0.67077,0.59723,0.58903,0.6099,0.53952,0.60932,0.45312,0.63636,0.40442,0.62658
0,0.0,0.0,1.0,1.0,1.0,-1.0,1.0,1.0,1.0,1.0,1.0,1.0,1.0,1.0,1.0,1.0,1.0,-1.0,-1.0,1.0,-1.0,1.0,-1.0,1.0,1.0,-1.0,1.0,1.0,-1.0,1.0,-1.0,-1.0,-1.0,1.0
1,1.0,0.0,1.0,0.24168,1.0,0.4859,1.0,0.72973,1.0,1.0,1.0,1.0,1.0,1.0,1.0,0.77128,1.0,1.0,1.0,1.0,0.74468,1.0,0.89647,1.0,0.64628,1.0,0.38255,1.0,0.10819,1.0,-0.1737,1.0,-0.81383,1.0
0,0.0,0.0,1.0,1.0,1.0,-1.0,1.0,1.0,-1.0,1.0,0.0,0.0,1.0,1.0,0.0,0.0,0.0,0.0,-1.0,1.0,-1.0,1.0,1.0,1.0,1.0,-1.0,1.0,1.0,1.0,1.0,1.0,-1.0,-1.0,1.0
1,1.0,0.0,1.0,-0.06604,1.0,0.62937,1.0,0.09557,1.0,0.2028,1.0,-1.0,1.0,-0.40559,1.0,-0.15851,1.0,0.04895,1.0,-0.61538,1.0,-0.26573,1.0,-1.0,1.0,-0.58042,1.0,-0.81372,1.0,-1.0,1.0,-0.78555,1.0,-0.48252
0,0.0,0.0,1.0,-1.0,1.0,1.0,1.0,1.0,1.0,1.0,1.0,1.0,1.0,-1.0,1.0,-1.0,1.0,1.0,1.0,-1.0,1.0,1.0,1.0,1.0,1.0,-1.0,1.0,1.0,1.0,-1.0,1.0,1.0,1.0,-1.0
1,1.0,0.0,0.92277,0.07804,0.92679,0.16251,0.89702,0.24618,0.84111,0.35197,0.78801,0.42196,0.70716,0.46983,0.70796,0.56476,0.60459,0.642,0.51247,0.64924,0.39903,0.66975,0.34232,0.68343,0.23693,0.76146,0.18765,0.73885,0.09694,0.71038,0.02735,0.77072,-0.04023,0.69509
0,1.0,0.0,0.68198,-0.17314,0.82332,0.21908,0.46643,0.32862,0.25795,0.58304,1.0,-0.15194,0.0106,0.44523,0.0106,0.38869,0.18681,0.41168,0.10567,0.36353,0.04325,0.30745,-0.00083,0.24936,-0.02862,0.19405,-0.04314,0.14481,-0.04779,0.10349,-0.04585,0.07064,-0.04013,0.04586
1,1.0,0.0,0.74852,-0.02811,0.6568,-0.05178,0.80621,0.02811,0.85947,0.02515,0.63462,0.08728,0.71598,0.0784,0.73077,0.05178,0.7855,-0.27811,0.65976,-0.01479,0.78698,0.06953,0.34615,-0.18639,0.65385,0.02811,0.61009,-0.06637,0.5355,-0.21154,0.59024,-0.14053,0.56361,0.02959
0,1.0,0.0,0.39179,-0.06343,0.97464,0.04328,1.0,1.0,0.35821,0.15299,0.54478,0.1306,0.61567,-0.8209,0.57836,0.6791,0.66791,-0.10448,0.46642,-0.11567,0.65574,0.14792,0.83209,0.45522,0.47015,0.16418,0.49309,0.1463,0.32463,-0.02612,0.39118,0.13521,0.34411,0.12755
1,1.0,0.0,0.67547,0.04528,0.76981,-0.10566,0.77358,0.03774,0.66038,-0.04528,0.64528,0.01132,0.66792,-0.13962,0.72075,-0.02264,0.76981,0.08679,0.61887,-0.07925,0.75849,-0.23774,0.73962,-0.14717,0.84906,-0.15094,0.73886,-0.05801,0.66792,0.02264,0.86415,0.03774,0.73208,0.00755
0,1.0,0.0,0.72727,-0.05,0.89241,0.03462,1.0,0.72727,0.66364,-0.05909,0.48182,-0.16818,0.81809,0.09559,0.56818,1.0,0.50455,0.21818,0.66818,0.1,1.0,-0.3,0.98636,-1.0,0.57273,0.32727,0.56982,0.14673,0.42273,0.08182,0.48927,0.14643,1.0,1.0
1,1.0,0.0,0.57647,-0.01569,0.40392,0.0,0.38431,0.12941,0.4,-0.05882,0.56471,0.14118,0.46667,0.08235,0.52549,-0.0549,0.58039,0.01569,0.50196,0.0,0.45882,0.06667,0.58039,0.08235,0.49804,0.00392,0.48601,0.10039,0.46275,0.08235,0.45098,0.23529,0.43137,0.17255
0,1.0,0.0,0.41932,0.12482,0.35,0.125,0.23182,0.27955,-0.03636,0.44318,0.04517,0.36194,-0.19091,0.33636,-0.1335,0.27322,0.02727,0.40455,-0.34773,0.12727,-0.20028,0.05078,-0.18636,0.36364,-0.14003,-0.04802,-0.09971,-0.07114,-1.0,-1.0,-0.02916,-0.07464,-0.00526,-0.06314
1,1.0,0.0,0.88305,-0.21996,1.0,0.36373,0.82403,0.19206,0.85086,0.05901,0.90558,-0.04292,0.85193,0.25,0.77897,0.25322,0.69206,0.5794,0.7103,0.39056,0.73176,0.27575,1.0,0.34871,0.5676,0.52039,0.69811,0.53235,0.80901,0.58584,0.43026,0.70923,0.52361,0.54185
0,1.0,0.0,0.84557,-0.0858,-0.31745,-0.80553,-0.08961,-0.56435,0.80648,0.04576,0.89514,-0.00763,-0.18494,0.63966,-0.20019,-0.68065,0.85701,-0.11344,0.77979,-0.15729,-0.06959,0.5081,-0.34128,0.80934,0.78932,-0.03718,0.70882,-0.25288,0.77884,-0.14109,-0.21354,-0.7817,-0.18494,-0.59867
1,1.0,0.0,0.7087,-0.24783,0.64348,0.04348,0.45217,0.38261,0.65217,0.18261,0.5,0.26957,0.57826,-0.23043,0.50435,0.37826,0.38696,-0.42609,0.36087,-0.26087,0.26957,0.11739,0.53246,-0.03845,0.31304,-0.12174,0.4993,-0.04264,0.48348,-0.04448,0.64348,-0.25217,0.50435,0.14783
0,1.0,0.0,-0.5418,0.14861,-0.33746,0.73375,0.52012,-0.13932,0.31889,-0.06811,0.20743,-0.1517,0.47368,0.08978,0.56347,-0.1548,0.16409,0.45201,0.33746,0.03406,0.50464,0.07121,-0.63777,-0.6161,1.0,0.65635,0.41348,-0.40116,-0.1517,0.11146,0.02399,0.5582,0.52632,-0.08978
1,1.0,0.0,0.29202,0.13582,0.45331,0.16808,0.51783,-0.00509,0.52632,0.20883,0.52462,-0.16638,0.47368,-0.04754,0.55518,0.03905,0.81664,-0.22411,0.42445,-0.04244,0.34975,0.06621,0.28183,-0.20883,0.51731,-0.03176,0.50369,-0.03351,0.34635,0.09847,0.70798,-0.01868,0.39559,-0.03226
0,1.0,0.0,0.79157,0.16851,0.0,0.0,0.56541,0.06874,0.39468,1.0,0.38359,0.99557,-0.02439,0.53215,0.23725,0.1286,-0.02661,0.95122,-0.50998,0.84922,-0.102,0.38803,-0.42572,0.23725,-0.91574,0.8071,-0.34146,0.88248,-1.0,0.69401,-1.0,0.1286,0.0,0.0
1,1.0,0.0,0.90116,0.16607,0.79299,0.37379,0.7299,0.50515,0.59784,0.72997,0.44303,0.81152,0.24412,0.87493,0.06438,0.85038,-0.12611,0.87396,-0.28739,0.79617,-0.46635,0.65924,-0.57135,0.53805,-0.68159,0.39951,-0.71844,0.25835,-0.72369,0.11218,-0.71475,-0.05525,-0.67699,-0.19904
1,1.0,0.0,0.97714,0.19049,0.82683,0.46259,0.71771,0.58732,0.47968,0.84278,0.31409,0.92643,0.10289,0.93945,-0.13254,0.8429,-0.3202,0.91624,-0.52145,0.79525,-0.68274,0.49508,-0.77408,0.33537,-0.85376,0.17849,-0.83314,-0.01358,-0.82366,-0.19321,-0.67289,-0.33662,-0.59943,-0.497
0,1.0,0.0,-1.0,-1.0,0.0,0.0,0.50814,-0.78502,0.60586,0.32899,-1.0,-0.41368,0.0,0.0,0.0,0.0,1.0,-0.2671,0.36482,-0.63518,0.97068,-1.0,-1.0,-1.0,1.0,-0.59609,-1.0,-1.0,-1.0,-1.0,1.0,-1.0,0.0,0.0
1,1.0,0.0,0.74084,0.04974,0.79074,0.02543,0.78575,0.03793,0.6623,0.09948,0.67801,0.31152,0.75934,0.07348,0.74695,0.08442,0.70681,-0.07853,0.63613,0.0,0.70021,0.11355,0.68183,0.12185,0.67016,0.15445,0.64158,0.13608,0.65707,0.17539,0.59759,0.14697,0.57455,0.15114
0,1.0,0.0,1.0,-1.0,0.0,0.0,0.77941,-0.99265,0.80882,0.55147,-0.41912,-0.94853,0.0,0.0,0.0,0.0,0.72059,-0.77206,0.73529,-0.60294,0.0,0.0,0.18382,-1.0,-1.0,-1.0,-1.0,-1.0,1.0,-1.0,1.0,-1.0,0.0,0.0
1,1.0,0.0,1.0,0.01709,0.96215,-0.03142,1.0,-0.03436,1.0,-0.05071,0.99026,-0.07092,0.99173,-0.09002,1.0,-0.15727,1.0,-0.14257,0.9831,-0.11813,1.0,-0.18519,1.0,-0.19272,0.98971,-0.22083,0.9649,-0.20243,0.94599,-0.17123,0.96436,-0.22561,0.87011,-0.23296
0,0.0,0.0,0.0,0.0,0.0,0.0,0.0,0.0,0.0,0.0,0.0,0.0,0.0,0.0,0.0,0.0,0.0,0.0,0.0,0.0,0.0,0.0,0.0,0.0,0.0,0.0,1.0,-1.0,0.0,0.0,0.0,0.0,0.0,0.0
1,1.0,0.0,0.95704,-0.12095,0.63318,-0.1269,0.96365,-0.18242,0.97026,0.0846,0.92003,-0.01124,0.83543,-0.24719,1.0,-0.31395,0.99273,-0.21216,0.98678,-0.21018,1.0,-0.27165,0.93126,-0.39458,1.0,-0.19233,0.88793,-0.31565,0.81428,-0.23728,0.89095,-0.31857,0.69531,-0.41573
0,1.0,0.0,0.28409,-0.31818,0.0,0.0,0.68182,-1.0,0.30682,0.95833,0.64394,0.06439,0.34848,-0.84848,0.0,0.0,0.59091,-0.35985,0.45076,-0.80682,0.0,0.0,0.0,0.0,0.24242,0.17803,1.0,-0.23864,0.06061,-0.48485,0.16288,-0.70076,0.0,0.0
1,1.0,0.0,0.9449,-0.49311,1.0,-0.03692,0.98898,-0.87052,0.90083,0.66942,1.0,-0.10104,1.0,-0.12493,1.0,-0.15017,1.0,-0.17681,1.0,-0.20491,1.0,-0.23452,1.0,-0.26571,1.0,-0.29852,1.0,-0.33304,1.0,-0.36931,1.0,-0.4074,1.0,-0.44739
0,1.0,0.0,0.0,0.0,0.0,0.0,0.0,0.0,0.0,0.0,0.62195,1.0,0.0,0.0,0.0,0.0,0.36585,-0.71951,0.56098,-1.0,0.0,0.0,0.0,0.0,0.0,0.0,1.0,0.10976,0.0,0.0,0.0,0.0,0.0,0.0
1,1.0,0.0,0.99449,0.00526,0.84082,-0.11313,0.88237,-0.16431,0.99061,-0.06257,0.96484,-0.07496,0.85221,0.02966,0.87161,-0.20848,0.93881,-0.12977,0.98298,-0.08935,0.89876,0.00075,0.87836,-0.05882,0.93368,-0.19872,0.87579,-0.17806,0.94294,-0.16581,0.80253,-0.25741,0.76586,-0.27794
0,1.0,0.0,0.10135,0.10811,0.0,0.0,0.0,0.0,0.5473,0.82432,0.31081,1.0,0.0,0.0,0.0,0.0,0.37162,-1.0,0.33108,-1.0,0.0,0.0,0.0,0.0,-0.42568,-1.0,1.0,-1.0,0.55405,-0.23649,0.0,0.0,0.0,0.0
1,1.0,0.0,1.0,-0.57224,0.9915,-0.73371,0.89518,-0.9745,1.0,-0.35818,1.0,-0.23229,0.6289,-0.86402,1.0,-0.57535,1.0,-0.79603,0.76771,-0.88952,0.96601,-1.0,0.7012,-0.74896,0.61946,-0.76904,0.53777,-0.77986,0.8102,-1.0,1.0,-1.0,0.30445,-0.76112
0,1.0,0.0,0.65909,-0.62879,0.0,0.0,0.0,0.0,0.77273,1.0,1.0,-0.2803,0.0,0.0,0.0,0.0,0.62121,-0.22727,0.84091,-1.0,1.0,-1.0,0.0,0.0,0.0,0.0,1.0,-0.93939,-0.12879,-0.93182,0.0,0.0,0.0,0.0
1,1.0,0.0,0.86284,0.1931,0.8092,0.41149,0.67203,0.55785,0.54559,0.69962,0.36705,0.81533,0.19617,0.85671,-0.04061,0.86284,-0.17241,0.75785,-0.341,0.65747,-0.48199,0.56092,-0.6023,0.40996,-0.59234,0.25747,-0.63038,0.08818,-0.57241,-0.07816,-0.54866,-0.19923,-0.42912,-0.31954
0,1.0,0.0,0.42,-0.61,0.0,0.0,1.0,-1.0,0.9,1.0,0.43,0.64,0.0,0.0,0.0,0.0,0.67,-0.29,0.84,-1.0,0.0,0.0,0.0,0.0,0.21,0.68,1.0,0.22,0.0,0.0,0.0,0.0,0.0,0.0
1,1.0,0.0,1.0,0.23395,0.91404,0.52013,0.7802,0.72144,0.4766,0.84222,0.27639,0.9173,0.09467,0.88248,-0.2198,0.91404,-0.34168,0.75517,-0.5136,0.64527,-0.64527,0.44614,-0.74102,0.29162,-0.70838,0.03591,-0.71731,-0.11943,-0.64962,-0.28183,-0.51251,-0.44505,-0.37432,-0.53319
0,1.0,0.0,0.91353,0.81586,-0.72973,1.0,-0.39466,0.55735,0.05405,0.2973,-0.18599,-0.10241,-0.03158,-0.0897,0.01401,-0.03403,0.01108,-0.00537,0.00342,0.00097,0.00048,0.00075,-3e-05,0.00019,-3e-05,2e-05,-1e-05,0.0,0.0,0.0,0.0,0.0,0.0,0.0
1,1.0,0.0,0.21429,-0.09524,0.33333,0.07143,0.19048,0.19048,0.2381,0.09524,0.40476,0.02381,0.30952,-0.04762,0.30952,-0.04762,0.28571,-0.11905,0.33333,0.04762,0.30952,0.0,0.21429,-0.11905,0.35714,-0.04762,0.22109,-0.0229,0.19048,0.0,0.16997,-0.02034,0.14694,-0.01877
0,1.0,0.0,1.0,-0.14754,1.0,0.04918,0.57377,-0.01639,0.65574,0.01639,0.85246,-0.03279,0.72131,0.0,0.68852,-0.16393,0.19672,-0.14754,0.65558,-0.17176,0.67213,0.03279,1.0,-0.29508,0.31148,-0.34426,0.52385,-0.20325,0.32787,-0.03279,0.27869,-0.44262,0.4918,-0.06557
1,1.0,0.0,0.98182,0.0,0.88627,0.03131,0.86249,0.04572,0.8,0.0,0.69091,0.04545,0.79343,0.08436,0.77118,0.09579,0.62727,0.25455,0.68182,0.12727,0.70674,0.12608,0.68604,0.13493,0.74545,0.22727,0.64581,0.15088,0.67273,0.02727,0.60715,0.16465,0.5884,0.17077
0,1.0,0.0,0.39286,0.52381,-0.78824,0.11342,-0.16628,-0.76378,0.66667,0.0119,0.82143,0.40476,-0.6723,0.30729,-0.34797,-0.63668,0.46429,0.15476,0.54762,0.05952,-0.5183,0.44961,-0.47651,-0.47594,0.32143,0.70238,0.51971,0.38848,0.57143,0.39286,-0.54891,-0.29915,0.25441,-0.55837
1,1.0,0.0,0.86889,-0.07111,1.0,-0.02494,1.0,-0.06889,0.87778,0.00222,0.83556,-0.06444,1.0,-0.07287,1.0,-0.2,0.86889,0.05333,0.88,-0.03778,1.0,-0.11526,1.0,-0.18667,0.84444,0.03556,1.0,-0.14162,0.82222,-0.14667,1.0,-0.15609,1.0,-0.44222
0,1.0,0.0,0.43636,-0.12727,0.58182,-0.14545,0.18182,-0.67273,0.34545,-0.03636,0.29091,-0.05455,0.29091,0.29091,0.36364,-0.41818,0.2,-0.01818,0.36364,0.05455,0.12727,0.49091,0.61818,0.16364,0.32727,0.16364,0.41098,-0.07027,0.34545,-0.05455,0.12727,-0.36364,0.29091,-0.29091
1,1.0,0.0,1.0,-0.92453,1.0,0.75472,0.49057,-0.0566,0.62264,0.0,1.0,-0.00054,0.45283,0.07547,0.62264,-0.0566,0.98878,-0.00085,0.5283,0.0,0.5283,0.07547,0.9519,-0.00112,1.0,0.79245,0.92192,-0.00128,0.9434,-1.0,1.0,0.43396,0.43396,-0.11321
0,1.0,0.0,0.7381,0.83333,-0.7619,-0.2381,0.33333,-0.14286,0.45238,-0.14286,-0.67285,0.12808,0.33333,0.0,0.28571,-0.07143,-0.38214,0.51163,0.2381,0.02381,0.45238,0.04762,0.16667,-0.2619,-0.57255,-0.10234,0.24889,-0.51079,1.0,0.0,-0.66667,-0.04762,0.2619,0.02381
1,1.0,0.0,0.4375,0.04167,0.58333,-0.10417,0.39583,0.0,0.33333,-0.0625,0.47917,0.0,0.29167,0.10417,0.54167,0.02083,0.4375,-0.22917,0.35417,-0.22917,0.33333,0.08333,0.25,0.1875,0.39583,-0.1875,0.44012,-0.10064,0.41667,-0.08333,0.58333,-0.3125,0.33333,-0.0625
0,1.0,0.0,1.0,1.0,0.0,0.0,0.0,0.0,0.0,0.0,0.47744,-0.89098,-0.51504,0.45489,-0.95489,0.28571,0.64662,1.0,0.0,0.0,0.0,0.0,0.6203,0.20301,-1.0,-1.0,1.0,-1.0,1.0,1.0,0.0,0.0,0.0,0.0
1,1.0,0.0,0.95217,0.06595,0.93614,0.1303,0.90996,0.19152,0.84881,-0.49962,0.90023,0.6132,0.77937,0.34328,0.72254,0.37988,0.66145,0.40844,0.95472,0.59862,0.53258,0.44088,0.46773,0.44511,0.4044,0.44199,0.34374,0.43221,0.9033,1.0,0.23405,0.3962,0.18632,0.37191
0,1.0,0.0,0.5984,0.40332,0.82809,0.80521,0.76001,0.70709,0.8401,-0.10984,0.97311,0.07981,0.95824,-0.85727,0.91962,0.88444,0.95452,-0.05206,0.88673,0.18135,0.98484,-0.69594,0.8667,-0.85755,0.28604,-0.30063,1.0,0.17076,0.62958,0.42677,0.87757,0.81007,0.81979,0.68822
1,1.0,0.0,0.83427,0.39121,0.5404,0.78579,0.12326,0.89402,-0.33221,0.83578,-0.70086,0.59564,-0.86622,0.21909,-0.84442,-0.24164,-0.59714,-0.61894,-0.19354,-0.87787,0.12439,-0.89064,0.51109,-0.72454,0.79143,-0.27734,0.83008,0.08718,0.66592,0.49079,0.37542,0.70011,-0.03983,0.79444
1,1.0,0.0,0.62335,-0.0349,0.59085,0.00481,0.60409,-0.07461,0.63177,0.00963,0.62455,-0.07461,0.67028,0.0722,0.62936,-0.08424,0.67509,0.09146,0.67148,0.0,0.58965,0.10108,0.5006,0.03129,0.65945,0.14079,0.60463,0.02019,0.51384,0.04452,0.61733,-0.00963,0.61372,-0.09146
1,1.0,0.0,0.74449,-0.0239,0.70772,0.03309,0.72243,0.16912,0.79228,0.07721,0.81434,0.43934,0.63787,0.00551,0.70772,0.21691,1.0,0.06066,0.61029,0.05147,0.67463,0.04228,0.52022,-0.25,0.72978,-0.15809,0.61727,0.07124,0.30882,0.0864,0.55916,0.07458,0.60294,0.21691
1,1.0,0.0,0.61538,0.18923,0.78157,0.0178,0.77486,0.02647,0.65077,-0.10308,0.77538,0.08,0.73961,0.0506,0.72322,0.05776,0.68615,-0.08923,0.61692,0.16308,0.66233,0.07573,0.63878,0.08041,0.60154,-0.07231,0.58803,0.08767,0.55077,0.25692,0.53389,0.09207,0.50609,0.09322
1,1.0,0.0,0.68317,0.05375,0.84803,0.00202,0.84341,0.00301,0.843,0.09901,0.75813,0.04102,0.81892,0.00585,0.80738,0.00673,0.80622,-0.12447,0.77935,-0.03536,0.76365,0.00909,0.74635,0.00978,0.79632,-0.04243,0.70824,0.01096,0.62235,0.11598,0.66624,0.0119,0.64407,0.01227
1,1.0,0.0,0.5,0.0,0.38696,0.10435,0.4913,0.06522,0.46957,-0.03913,0.35652,-0.12609,0.45652,0.04783,0.50435,0.02609,0.35652,0.19565,0.42174,0.14783,0.42174,-0.02609,0.32174,-0.11304,0.47391,-0.0087,0.41789,0.06908,0.38696,0.03913,0.35217,0.14783,0.44783,0.17391
1,1.0,0.0,0.7983,0.09417,0.78129,0.20656,0.71628,0.28068,0.6932,0.41252,0.65917,0.50122,0.57898,0.60814,0.4921,0.58445,0.33354,0.67861,0.29587,0.63548,0.09599,0.68104,0.02066,0.72236,-0.08748,0.63183,-0.11925,0.60696,-0.18226,0.56015,-0.25516,0.51701,-0.27339,0.42467
1,1.0,0.0,1.0,0.09802,1.0,0.25101,0.9839,0.33044,0.80365,0.5302,0.74977,0.60297,0.56937,0.71942,0.55311,0.74079,0.29452,0.82193,0.21137,0.79777,0.09709,0.82162,-0.01734,0.7987,-0.15144,0.75596,-0.22839,0.69187,-0.31713,0.60948,-0.40291,0.54522,-0.42815,0.44534
1,1.0,0.0,0.8941,0.13425,0.87001,0.31543,0.78896,0.43388,0.63388,0.59975,0.54003,0.71016,0.39699,0.76161,0.24266,0.79523,0.09134,0.79598,-0.09159,0.76261,-0.20201,0.66926,-0.30263,0.6261,-0.40552,0.50489,-0.46215,0.40753,-0.50314,0.27252,-0.52823,0.19172,-0.48808,0.05972
1,1.0,0.0,0.94631,0.17498,0.90946,0.33143,0.85096,0.4996,0.73678,0.63842,0.59215,0.73838,0.48698,0.83614,0.30459,0.90665,0.17959,0.93429,-0.00701,0.93109,-0.1888,0.89383,-0.33023,0.82492,-0.46534,0.76482,-0.58563,0.66335,-0.67929,0.52564,-0.75321,0.42488,-0.8121,0.26092
1,1.0,0.0,0.91767,0.18198,0.8609,0.35543,0.72873,0.45747,0.60425,0.69865,0.50376,0.74922,0.361,0.81795,0.15664,0.83558,0.00396,0.8521,-0.1639,0.77853,-0.35996,0.76193,-0.43087,0.65385,-0.5314,0.53886,-0.60328,0.40972,-0.64511,0.27338,-0.6571,0.13667,-0.64056,0.05394
1,1.0,0.0,0.76627,0.21106,0.63935,0.38112,0.48409,0.525,0.15,0.22273,0.13753,0.59565,-0.07727,0.44545,0.0,0.48636,-0.27491,0.42014,-0.56136,0.36818,-0.36591,0.18864,-0.40533,0.07588,-0.38483,-0.03229,-0.33942,-0.12486,-0.2754,-0.19714,-0.19962,-0.24648,-0.11894,-0.27218
1,1.0,0.0,0.5894,-0.60927,0.8543,0.55298,0.81126,0.07285,0.56623,0.16225,0.32781,0.24172,0.50331,0.12252,0.63907,0.19868,0.71854,0.42715,0.54305,0.13907,0.65232,0.27815,0.68874,0.07285,0.51872,0.26653,0.49013,0.27687,0.46216,0.28574,0.43484,0.29324,0.40821,0.29942
1,1.0,0.0,1.0,0.11385,0.70019,-0.12144,0.81594,0.09677,0.71157,0.01139,0.56167,-0.0778,0.6907,0.12524,0.58634,0.03985,0.53131,-0.03416,0.6945,0.16888,0.72676,0.07211,0.32068,0.05882,0.53321,0.37381,0.4909,0.17951,0.1518,0.32448,0.44141,0.18897,0.56167,0.1518
1,1.0,0.0,0.84843,0.06794,0.80562,-0.02299,0.77031,-0.03299,0.66725,-0.0662,0.59582,-0.07666,0.6726,-0.05771,0.6426,-0.06438,0.39199,0.0453,0.71254,0.01394,0.5597,-0.08039,0.5343,-0.08453,0.47038,-0.22822,0.48659,-0.09128,0.52613,-0.08537,0.44277,-0.09621,0.42223,-0.09808
1,1.0,0.0,1.0,0.08013,0.96775,-0.00482,0.96683,-0.00722,0.8798,-0.03923,1.0,0.01419,0.96186,-0.01436,0.95947,-0.01671,0.98497,0.01002,0.91152,-0.08848,0.95016,-0.02364,0.94636,-0.02591,0.98164,0.02003,0.93772,-0.03034,1.0,-0.05843,0.92774,-0.03464,0.92226,-0.03673
1,1.0,0.0,0.47938,-0.12371,0.42784,-0.12371,0.70103,-0.39175,0.73196,0.07216,0.26289,-0.21649,0.49485,0.15979,0.45361,-0.11856,0.42268,0.06186,0.5,-0.2732,0.54639,0.18557,0.42268,0.08247,0.70619,0.19588,0.53396,-0.12447,0.15464,-0.26289,0.47423,0.04124,0.45361,-0.51546
1,1.0,0.0,0.6351,-0.04388,0.7653,0.02968,0.61432,0.36028,0.65358,-0.00462,0.64203,0.08314,0.79446,-0.43418,0.72517,0.54965,0.59584,0.13857,0.6351,0.2194,0.63279,-0.25404,0.70951,0.15359,0.64665,0.23095,0.68775,0.17704,0.61663,0.07621,0.66316,0.19841,0.69053,0.36721
1,1.0,0.0,0.50112,-0.03596,0.61124,0.01348,0.58876,0.01573,0.58876,0.02472,0.66742,-0.00449,0.71685,-0.04719,0.66517,0.00899,0.57303,0.02472,0.64719,-0.07416,0.56854,0.14157,0.57528,-0.03596,0.46517,0.04944,0.56588,0.00824,0.4764,-0.03596,0.54607,0.10562,0.60674,-0.0809
1,1.0,0.0,0.71521,-0.00647,0.66667,-0.04207,0.63107,-0.05178,0.77994,0.08091,0.67314,0.09709,0.64725,0.15858,0.60194,-0.01942,0.54369,-0.04531,0.46926,-0.10032,0.64725,0.14887,0.39159,0.21683,0.52427,-0.05502,0.45105,0.0004,0.31392,-0.06796,0.49191,-0.1068,0.30421,-0.05178
1,1.0,0.0,0.68148,0.1037,0.77037,0.03457,0.65185,0.08148,0.60988,-0.00494,0.79012,0.11852,0.59753,0.04938,0.62469,0.0963,0.78272,-0.17531,0.73827,-0.10864,0.48642,0.00988,0.60988,0.08148,0.66667,-0.1284,0.63773,-0.02451,0.76543,0.02222,0.61235,-0.0716,0.51358,-0.04691
1,1.0,0.0,0.60678,-0.02712,0.67119,0.04068,0.52881,-0.04407,0.50508,0.03729,0.70508,-0.07797,0.57966,-0.02034,0.5322,0.07797,0.64068,0.11864,0.56949,-0.02373,0.5322,0.00678,0.71525,-0.0339,0.52881,-0.0339,0.57262,0.0075,0.58644,-0.00339,0.58983,-0.02712,0.50169,0.0678
1,1.0,0.0,0.49515,0.09709,0.29612,0.05825,0.34951,0.0,0.57282,-0.02427,0.58252,0.02427,0.33495,0.04854,0.52427,0.00485,0.47087,-0.1068,0.43204,0.00485,0.34951,0.05825,0.18932,0.25728,0.31068,-0.15049,0.36547,0.03815,0.3932,0.17476,0.26214,0.0,0.37379,-0.01942
1,1.0,0.0,0.98822,0.02187,0.93102,0.341,0.83904,0.35222,0.74706,0.48906,0.73584,0.51879,0.55076,0.60179,0.4313,0.66237,0.318,0.70443,0.28379,0.68873,0.07515,0.73696,0.06338,0.71284,-0.16489,0.69714,-0.16556,0.6051,-0.16209,0.55805,-0.34717,0.44195,-0.33483,0.37465
1,1.0,0.0,0.97905,0.1581,0.90112,0.35237,0.82039,0.48561,0.7176,0.64888,0.58827,0.73743,0.40349,0.83156,0.2514,0.84804,0.047,0.85475,-0.12193,0.79749,-0.2618,0.80754,-0.37835,0.71676,-0.51034,0.58324,-0.57587,0.4604,-0.61899,0.30796,-0.65754,0.18345,-0.64134,0.02968
1,1.0,0.0,0.99701,0.21677,0.91966,0.4703,0.76902,0.62415,0.53312,0.7812,0.36774,0.88291,0.10107,0.83312,-0.06827,0.89274,-0.28269,0.72073,-0.43707,0.61688,-0.55769,0.4812,-0.65,0.35534,-0.64658,0.15908,-0.66651,0.02277,-0.64872,-0.13462,-0.54615,-0.22949,-0.47201,-0.35032
1,1.0,0.0,0.94331,0.19959,0.96132,0.40803,0.80514,0.56569,0.56687,0.7083,0.41836,0.8323,0.14939,0.89489,0.05167,0.93682,-0.24742,0.83939,-0.42811,0.75554,-0.50251,0.62563,-0.65515,0.50428,-0.68851,0.30912,-0.77097,0.15619,-0.75406,-0.04399,-0.75199,-0.17921,-0.66932,-0.34367
1,1.0,0.0,0.93972,0.28082,0.80486,0.52821,0.58167,0.73151,0.34961,0.80511,0.10797,0.90403,-0.20015,0.89335,-0.3973,0.82163,-0.58835,0.62867,-0.76305,0.40368,-0.81262,0.18888,-0.81317,-0.04284,-0.75273,-0.26883,-0.63237,-0.46438,-0.46422,-0.61446,-0.26389,-0.70835,-0.08937,-0.71273
1,1.0,0.0,0.89835,0.35157,0.67333,0.62233,0.43898,0.94353,-0.03643,0.8051,-0.22838,0.75334,-0.25137,0.48816,-0.57377,0.28415,-0.6675,0.10591,-0.47359,-0.06193,-0.81056,-0.06011,-0.33197,-0.47592,-0.12897,-0.5362,0.07158,-0.51925,0.24321,-0.43478,0.36586,-0.30057,0.42805,0.13297
1,1.0,0.0,0.29073,0.10025,0.23308,0.17293,0.03759,0.34336,0.1203,0.26316,0.06266,0.21303,-0.04725,0.12767,-0.06333,0.07907,-0.06328,0.04097,-0.05431,0.01408,-0.04166,-0.0028,-0.02876,-0.01176,-0.01755,-0.01505,-0.00886,-0.01475,-0.0028,-0.0125,0.00096,-0.00948,0.0029,-0.00647
1,1.0,0.0,0.58459,-0.35526,1.0,0.35338,0.75376,-0.00564,0.82519,0.19361,0.50188,-0.27632,0.65977,0.06391,0.69737,0.14662,0.72368,-0.42669,0.76128,0.04511,0.66917,0.20489,0.84774,-0.40977,0.6485,-0.04699,0.56836,-0.10571,0.5282,-0.13346,0.15602,-0.12218,0.44767,-0.10309
1,1.0,0.0,0.83609,0.13215,0.72171,0.06059,0.65829,0.08315,0.23888,0.12961,0.43837,0.2033,0.49418,0.12686,0.44747,0.13507,0.29352,0.02922,0.48158,0.15756,0.32835,0.14616,0.29495,0.14638,0.26436,0.1453,0.23641,0.14314,0.26429,0.16137,0.18767,0.13632,0.16655,0.13198
1,1.0,0.0,0.9408,0.11933,0.85738,0.01038,0.85124,0.01546,0.76966,-0.00278,0.84459,0.10916,0.83289,0.03027,0.8268,0.03506,0.74838,0.01943,0.80019,0.02405,0.80862,0.04901,0.80259,0.05352,0.77336,0.0222,0.79058,0.06235,0.85939,0.09251,0.77863,0.0709,0.77269,0.07508
1,1.0,0.0,0.87111,0.04326,0.79946,0.18297,0.99009,0.29292,0.89455,-0.08337,0.88598,-0.02028,0.90446,-0.26724,0.8941,0.19964,0.88644,-0.04642,0.84452,-0.00991,0.97882,-0.34024,0.78954,-0.25101,0.86661,-0.09193,0.85967,-0.02908,0.78774,-0.04101,0.75935,0.21812,0.88238,0.09193
1,1.0,0.0,0.74916,0.02549,0.98994,0.09792,0.75855,0.12877,0.74313,-0.09188,0.95842,0.02482,0.97921,-0.00469,0.9611,0.10195,0.91482,0.03756,0.71026,0.02683,0.81221,-0.08048,1.0,0.0,0.71764,-0.01207,0.82271,0.02552,0.72435,-0.01073,0.90409,0.11066,0.72837,0.0275
1,1.0,0.0,0.47337,0.19527,0.06213,-0.18343,0.62316,0.01006,0.45562,-0.04438,0.56509,0.01775,0.44675,0.27515,0.71598,-0.03846,0.55621,0.12426,0.4142,0.11538,0.52767,0.02842,0.51183,-0.10651,0.47929,-0.02367,0.46514,0.03259,0.5355,0.25148,0.31953,-0.14497,0.34615,-0.00296
1,1.0,0.0,0.59887,0.14689,0.69868,-0.13936,0.85122,-0.13936,0.80979,0.02448,0.50471,0.02825,0.6742,-0.0452,0.80791,-0.13748,0.51412,-0.24482,0.81544,-0.14313,0.70245,-0.00377,0.33333,0.06215,0.56121,-0.33145,0.61444,-0.16837,0.52731,-0.02072,0.53861,-0.31262,0.6742,-0.22034
1,1.0,0.0,0.84713,-0.03397,0.86412,-0.08493,0.81953,0.0,0.73673,-0.07643,0.71975,-0.13588,0.74947,-0.11677,0.77495,-0.18684,0.78132,-0.21231,0.61996,-0.10191,0.79193,-0.15711,0.89384,-0.03397,0.84926,-0.26115,0.74115,-0.23312,0.66242,-0.22293,0.72611,-0.37792,0.65817,-0.24841
1,1.0,0.0,0.87772,-0.08152,0.83424,0.07337,0.84783,0.04076,0.77174,-0.02174,0.77174,-0.05707,0.82337,-0.10598,0.67935,-0.00543,0.88043,-0.20924,0.83424,0.03261,0.86413,-0.05978,0.97283,-0.27989,0.85054,-0.1875,0.83705,-0.10211,0.8587,-0.03261,0.78533,-0.1087,0.79076,-0.00543
1,1.0,0.0,0.74704,-0.13241,0.53755,0.16996,0.72727,0.09486,0.69565,-0.11067,0.66798,-0.23518,0.87945,-0.1917,0.73715,0.0415,0.63043,-0.00395,0.63636,-0.11858,0.79249,-0.25296,0.66403,-0.28656,0.67194,-0.10474,0.61847,-0.12041,0.60079,-0.20949,0.37549,0.06917,0.61067,-0.01383
1,1.0,0.0,0.46785,0.11308,0.5898,0.00665,0.55432,0.06874,0.47894,-0.13969,0.52993,0.0133,0.63858,-0.16186,0.67849,-0.03326,0.54545,-0.13525,0.52993,-0.04656,0.47894,-0.19512,0.50776,-0.13525,0.41463,-0.20177,0.5393,-0.11455,0.59867,-0.02882,0.53659,-0.11752,0.56319,-0.04435
1,1.0,0.0,0.88116,0.27475,0.72125,0.42881,0.61559,0.63662,0.38825,0.90502,0.09831,0.96128,-0.20097,0.892,-0.35737,0.775,-0.65114,0.6221,-0.78768,0.45535,-0.81856,0.19095,-0.83943,-0.08079,-0.78334,-0.26356,-0.67557,-0.45511,-0.54732,-0.60858,-0.30512,-0.667,-0.19312,-0.75597
1,1.0,0.0,0.93147,0.29282,0.79917,0.55756,0.59952,0.71596,0.26203,0.92651,0.04636,0.96748,-0.23237,0.9513,-0.55926,0.81018,-0.73329,0.62385,-0.90995,0.362,-0.92254,0.0604,-0.93618,-0.19838,-0.83192,-0.46906,-0.65165,-0.69556,-0.41223,-0.85725,-0.1359,-0.93953,0.10007,-0.94823
1,1.0,0.0,0.88241,0.30634,0.73232,0.57816,0.34109,0.58527,0.05717,1.0,-0.09238,0.92118,-0.62403,0.71996,-0.69767,0.32558,-0.81422,0.41195,-1.0,-0.00775,-0.78973,-0.41085,-0.76901,-0.45478,-0.57242,-0.67605,-0.3161,-0.81876,-0.02979,-0.86841,0.25392,-0.82127,0.00194,-0.81686
1,1.0,0.0,0.83479,0.28993,0.69256,0.47702,0.49234,0.68381,0.21991,0.86761,-0.08096,0.85011,-0.35558,0.77681,-0.52735,0.58425,-0.7035,0.31291,-0.75821,0.03939,-0.71225,-0.15317,-0.58315,-0.39168,-0.37199,-0.52954,-0.1695,-0.60863,0.08425,-0.61488,0.25164,-0.48468,0.40591,-0.35339
1,1.0,0.0,0.9287,0.33164,0.76168,0.62349,0.49305,0.84266,0.21592,0.95193,-0.13956,0.96167,-0.47202,0.8359,-0.70747,0.6549,-0.87474,0.3675,-0.91814,0.05595,-0.89824,-0.26173,-0.73969,-0.54069,-0.50757,-0.74735,-0.22323,-0.86122,0.0781,-0.87159,0.36021,-0.78057,0.59407,-0.6027
1,1.0,0.0,0.83367,0.31456,0.65541,0.57671,0.34962,0.70677,0.17293,0.78947,-0.18976,0.79886,-0.41729,0.66541,-0.68421,0.47744,-0.74725,0.19492,-0.7218,-0.04887,-0.6203,-0.28195,-0.49165,-0.53463,-0.26577,-0.66014,-0.0153,-0.69706,0.22708,-0.64428,0.431,-0.51206,0.64662,-0.30075
1,1.0,0.0,0.98455,-0.02736,0.98058,-0.04104,1.0,-0.07635,0.9872,0.01456,0.95278,-0.02604,0.985,-0.07458,0.99382,-0.07149,0.97396,-0.09532,0.97264,-0.12224,0.99294,-0.05252,0.95278,-0.08914,0.97352,-0.08341,0.96653,-0.12912,0.93469,-0.14916,0.97132,-0.15755,0.96778,-0.188
